PC csavarok – 5 órája,https://hardverapro.hu/apro/pc_szabvanyos_csavarok/hsz_1-50.html,https://cdn.rios.hu/dl/uad/2022-10/5755177/6_2.jpg,70 Ft,False
26650 Lithium li-ion akku soroló keret – 6 órája,https://hardverapro.hu/apro/26650_lithium_li-ion_akku_sorolo_keret_2/hsz_1-50.html,https://cdn.rios.hu/dl/uad/2022-10/5756016/img_20220821_113353_611.jpg,51 Ft,False
Samsung SyncMaster 753DFX Ingyen elvihető – 6 órája,https://hardverapro.hu/apro/samsung_syncmaster_753dfx_ingyen_elviheto/hsz_1-50.html,https://cdn.rios.hu/dl/uad/2022-10/5755172/dsc_2334.JPG,Ingyenes,False
Ingyen elvihető LG Studioworks 575N – 6 órája,https://hardverapro.hu/apro/ingyen_elviheto_lg_studioworks_575n/hsz_1-50.html,https://cdn.rios.hu/dl/uad/2022-10/5755144/dsc_2330.JPG,Ingyenes,False
ATX táp 400watt – 8 órája,https://hardverapro.hu/apro/atx_tap_400watt/hsz_1-50.html,https://cdn.rios.hu/dl/uad/2022-10/5772002/img_20220907_183103.jpg,Ingyenes,False
"Steam, Origin, Uplay és egyéb játék kulcsok Olcsón! Garanciával! – 8 órája",https://hardverapro.hu/apro/steam_origin_jatek_kulcsok_olcson_garanciaval_5/hsz_1-50.html,https://cdn.rios.hu/dl/uad/2019-05/4309490/steam_origin_logos3_over-470x310_2x.jpg,100 Ft,False
"ADAPTEREK, ÁTALAKÍTÓK - Sony E, Fujifilm, Panasonic, Olympus, Canon, Nikon fényképezőkre – 9 órája",https://hardverapro.hu/apro/adapterek_atalakitok_sony_e_nex_fujifilm_canon_es_4/hsz_1-50.html,https://cdn.rios.hu/dl/uad/2020-03/4603149/1.JPG,77 Ft,False
"IBM ThinkVision C190 19"" CRT monitor – 9 órája",https://hardverapro.hu/apro/ibm_thinkvision_c190_19_crt_monitor/hsz_1-50.html,https://cdn.rios.hu/dl/uad/2022-09/5738061/20220825_134409.jpg,Ingyenes,False
iphone 4 4g 4s 5 5g 5c 5s SE alkatrészek kijelző lcd home gomb usb flex – 9 órája,https://hardverapro.hu/apro/iphone_4_5_se_6_7_8_alkatreszek_kijelzo_lcd_home_g/hsz_1-50.html,https://cdn.rios.hu/dl/uad/2018-12/4135324/iphone-5-5s-5c-lcd-3_1.jpg,99 Ft,False
BÁNYÁSZ RIG OPTIMALIZÁLÁS // ETH MERGE // MINDEN AMI MINING... – 9 órája,https://hardverapro.hu/apro/banyasz_rig_optimalizalas_hive_os_bios_mod_flash_l_5/hsz_1-50.html,https://cdn.rios.hu/dl/uad/2022-07/5642858/themerge_cover.jpg,Ingyenes,False
Chia plotolást vállalok – 9 órája,https://hardverapro.hu/apro/chia_plotolast_vallalok/hsz_1-50.html,https://cdn.rios.hu/dl/uad/2022-10/5772067/chia.png,100 Ft,False
Xiaomi Redmi Note 9 s/9Pro/9Pro Max - kemény hátlap – 10 órája,https://hardverapro.hu/apro/xiaomi_redmi_note_9_s_9pro_9pro_max_kemeny_hatlap/hsz_1-50.html,https://cdn.rios.hu/dl/uad/2022-10/5754787/xiaomi-redmi-note-9-s-9pro-9pro-max-cdeb_1_big.jpg,Ingyenes,False
GoPro HERO AKKUMULÁTOROK TÖLTŐK GoPRO Hero 3 4 5 6 7 8 akkumulátorok töltők – 10 órája,https://hardverapro.hu/apro/gopro_hero_akkumulatorok_toltok_gopro_hero_3_4_5_6_2/hsz_1-50.html,https://cdn.rios.hu/dl/uad/2020-08/4756680/gopro_hero4_akkumulator.jpg,99 Ft,False
Motorola Moto G1 és G2 alkatrészek ingyen – 10 órája,https://hardverapro.hu/apro/motorola_moto_g1_es_g2_alkatreszek_ingyen/hsz_1-50.html,https://cdn.rios.hu/dl/uad/2022-10/5768418/img_20221018_172929.jpg,Ingyenes,False
"Floppy lemez 3,5"" DS HD 1,44 MB – 10 órája",https://hardverapro.hu/apro/floppy_lemez_3_5_ds_hd_1_44_mb/hsz_1-50.html,https://cdn.rios.hu/dl/uad/2022-09/5737466/floppylemez.jpg,100 Ft,False
Ponthegesztés Forrfülezés Li-Ion Lifepo4 akku cella akkupakk építés felújítás 18650 21700 stb – 10 órája,https://hardverapro.hu/apro/ponthegesztes_forrfulezes_li-ion_lifepo4_akku_cell_3/hsz_1-50.html,https://cdn.rios.hu/dl/uad/2022-10/5749769/269766902_1222945464895855_6143372062350342340_n.jpg,100 Ft,False
Harisnyázott tápkábel hosszabbító / moduláris kábel / vezeték - egyedi - modding - cablemod – 10 órája,https://hardverapro.hu/apro/harisnyazott_tapkabel_hosszabbito_modularis_kabel_4/hsz_1-50.html,https://cdn.rios.hu/dl/uad/2022-10/5772562/img_20220709_125737.jpg,100 Ft,False
"Pc-takarítás,alkatrész csere felújítás! Pesterzsébeten! /1155/-socket tuning is! – 10 órája",https://hardverapro.hu/apro/pc-takaritas_alkatresz_csere_felujitas_pesterzsebe/hsz_1-50.html,https://cdn.rios.hu/dl/uad/2022-10/5772553/1651644802139.jpg,100 Ft,False
"Modern, videós tartalomgyártás! Költséghatékonyság Kreativitás Rugalmasság – 10 órája",https://hardverapro.hu/apro/modern_videos_tartalomgyartas_koltseghatekonysag_k/hsz_1-50.html,https://cdn.rios.hu/dl/uad/2022-10/5772551/kepkivagas_1.jpg,100 Ft,False
Tápegység Moduláris Kábel Tápkábel Adapter Hosszabbító Csatlakozó Elosztó Széles Választékban – 10 órája,https://hardverapro.hu/apro/tapegyseg_modularis_kabel_tapkabel_adapter_hosszab_5/hsz_1-50.html,https://cdn.rios.hu/dl/uad/2022-10/5749785/riotoro_enigma_g2_850w_2.jpg,100 Ft,False
Tesztelt laptop alaplapok 1 év garanciával! – 10 órája,https://hardverapro.hu/apro/tesztelt_laptop_alaplapok_1_ev_garanciaval/hsz_1-50.html,https://cdn.rios.hu/dl/uad/2022-02/5456290/elol.jpg,100 Ft,False
"Mobiltelefon, Tablet szerviz a 10. kerületben - PhoneService.hu - +36 30 927 1777 – 10 órája",https://hardverapro.hu/apro/mobiltelefon_tablet_szerviz_a_16_keruletben_phones/hsz_1-50.html,https://cdn.rios.hu/dl/uad/2021-07/5198310/phoneservicelogofekete2-300x79.png,100 Ft,False
"KAMERA TOKOK, KIJELZŐVÉDŐK -> Sony E, Canon, Nikon, Fujifilm, Panasonic – 10 órája",https://hardverapro.hu/apro/fenykepezo_tokok_sony_a7_a7ii_nikon_z6_z7_uj/hsz_1-50.html,https://cdn.rios.hu/dl/uad/2020-07/4734359/s-l1600_6.jpg,99 Ft,False
"KAMERA TOKOK, KIJELZŐVÉDŐK -> Sony E, Canon, Nikon, Fujifilm, Panasonic – 10 órája",https://hardverapro.hu/apro/fenykepezo_tokok_sony_a7_a7ii_nikon_z6_z7_uj/hsz_1-50.html,https://cdn.rios.hu/dl/uad/2020-07/4734359/s-l1600_6.jpg,99 Ft,False
"Fujifilm FX átalakítók, konverterek : - M42, Minolta , Canon EOS, Canon FD, Nikon, Pentax PK – 10 órája",https://hardverapro.hu/apro/fujifilm_fx_atalakitok_konverterek_m42_minolta_can_2/hsz_1-50.html,https://cdn.rios.hu/dl/uad/2020-07/4729504/dsc_3631.JPG,99 Ft,False
"CANON ADAPTEREK, ÁTALAKÍTÓK, MAKRO KÖZGYŰRŰK, AKKUMULÁTOROK – 10 órája",https://hardverapro.hu/apro/canon_adapterek_atalakitok_makro_kozgyuruk_akkumul/hsz_1-50.html,https://cdn.rios.hu/dl/uad/2020-12/4925794/canon_eosm_makro_adapter.JPG,77 Ft,False
"CANON ADAPTEREK, ÁTALAKÍTÓK, MAKRO KÖZGYŰRŰK, AKKUMULÁTOROK – 10 órája",https://hardverapro.hu/apro/canon_adapterek_atalakitok_makro_kozgyuruk_akkumul/hsz_1-50.html,https://cdn.rios.hu/dl/uad/2020-12/4925794/canon_eosm_makro_adapter.JPG,77 Ft,False
"CANON ADAPTEREK, ÁTALAKÍTÓK, MAKRO KÖZGYŰRŰK, AKKUMULÁTOROK – 10 órája",https://hardverapro.hu/apro/canon_adapterek_atalakitok_makro_kozgyuruk_akkumul/hsz_1-50.html,https://cdn.rios.hu/dl/uad/2020-12/4925794/canon_eosm_makro_adapter.JPG,77 Ft,False
3D nyomtatás - 3D tervezés - alkatrész újragyártás – 10 órája,https://hardverapro.hu/apro/3d_nyomtatas_eefb/hsz_1-50.html,https://cdn.rios.hu/dl/uad/2021-06/5164041/img_20210829_163718.jpg,100 Ft,False
"M42 lencsékhez való átalakítók - SONY E NEX , Fujifilm X FX , Canon EOS EOSM és Nikon – 10 órája",https://hardverapro.hu/apro/m42_lencsekhez_valo_atalakitok_eladok_sony_e_nex_f_6/hsz_1-50.html,https://cdn.rios.hu/dl/uad/2020-08/4763471/nikon_z_m42_adapter_nz_m42.jpg,67 Ft,False
"FÉNYKÉPEZŐ VIDEÓS AKKUMULÁTOR ADAPTEREK Sony E NEX , Nikon, Canon, Panasonic folyamatos töltők – 10 órája",https://hardverapro.hu/apro/fenykepezo_akkumulator_adapterek_sony_e_nex_nikon/hsz_1-50.html,https://cdn.rios.hu/dl/uad/2020-11/4871315/blc12_usb.png,70 Ft,False
"Macbook, iMac, stb! Problémás garancia ügyintézés – 10 órája",https://hardverapro.hu/apro/macbook_imac_stb_problemas_garancia_ugyintezes/hsz_1-50.html,https://cdn.rios.hu/dl/uad/2019-05/4312413/mac-repair-services.jpg,100 Ft,False
Android szoftver frissítés flash javítás root restart boot magyar nyelv logónál megáll restart – 10 órája,https://hardverapro.hu/apro/android_szoftver_frissites_flash_javitas_root_restart_boot_m/hsz_1-50.html,https://cdn.rios.hu/dl/uad/2017-04/3513768/14924346103692_b.jpg,55 Ft,False
Android szoftver frissítés flash javítás root restart boot magyar nyelv logónál megáll restart – 10 órája,https://hardverapro.hu/apro/android_szoftver_frissites_flash_javitas_root_restart_boot_m/hsz_1-50.html,https://cdn.rios.hu/dl/uad/2017-04/3513768/14924346103692_b.jpg,55 Ft,False
Samsung S6 S7 S8 S9 S10 A50 A70 Note 8 9 10 ALAPLAP javítás szerviz chip csere IC forrasztás USB BGA – 10 órája,https://hardverapro.hu/apro/samsung_s3_s4_s5_s6_a3_a5_j5_note_stb_bga_javitas_szerviz_chip/hsz_1-50.html,https://cdn.rios.hu/dl/uad/2017-11/3451971/oem-motherboard-replacement-for-samsung-galaxy-not.jpg,100 Ft,False
SOS Mobilgumis 0-24! – 10 órája,https://hardverapro.hu/apro/sos_mobilgumis_0-24/hsz_1-50.html,https://cdn.rios.hu/dl/uad/2020-01/4547205/mgumi.jpg,1 Ft,False
Samsung S6 S7 S8 S9 S10 A50 A70 Note 8 9 10 ALAPLAP javítás szerviz chip csere IC forrasztás USB BGA – 10 órája,https://hardverapro.hu/apro/samsung_s3_s4_s5_s6_a3_a5_j5_note_stb_bga_javitas_szerviz_chip/hsz_1-50.html,https://cdn.rios.hu/dl/uad/2017-11/3451971/oem-motherboard-replacement-for-samsung-galaxy-not.jpg,100 Ft,False
SOS Mobilgumis 0-24! – 10 órája,https://hardverapro.hu/apro/sos_mobilgumis_0-24/hsz_1-50.html,https://cdn.rios.hu/dl/uad/2020-01/4547205/mgumi.jpg,1 Ft,False
"Baseus USB-C - USB 5A Gold, fast charging kábel - Újszerű! – 11 órája",https://hardverapro.hu/apro/baseus_usb-c_usb_5a_gold_fast_charging_kabel_ujsze/hsz_1-50.html,https://cdn.rios.hu/dl/uad/2022-10/5766997/baseus-purple-usbc-toltokabel-5a-1.jpg,100 Ft,False
Asus A8N32 SLI Deluxe – 12 órája,https://hardverapro.hu/apro/asus_a8n32_sli_deluxe_felkonfig_elado_2/hsz_1-50.html,https://cdn.rios.hu/dl/uad/2022-10/5771194/sha_20221020_144344176_8_4_400.jpg,100 Ft,False
Intel processzor garancia ügyintézés – 12 órája,https://hardverapro.hu/apro/intel_amd_processzorra_gyari_garancia/hsz_1-50.html,https://cdn.rios.hu/dl/uad/2010-10/1162850/win.png,100 Ft,False
"HDD és SSD garancia csere, akár azonnal is – 12 órája",https://hardverapro.hu/apro/samsung_vinyora_gyari_gari/hsz_1-50.html,https://cdn.rios.hu/dl/uad/2006-07/23525/win.png,100 Ft,False
IT Biztonsági Junior / Medior / Senior – 12 órája,https://hardverapro.hu/apro/it_biztonsagi_junior_medior_senior/hsz_1-50.html,https://cdn.rios.hu/dl/uad/2022-09/5724837/cyber_security_klein.jpg,Ingyenes,False
"""Retro"" Olympus C-2020 Zoom digitális fényképezőgép – 12 órája",https://hardverapro.hu/apro/retro_olympus_c-2020_zoom_digitalis_fenykepezogep/hsz_1-50.html,https://cdn.rios.hu/dl/uad/2022-01/5403704/1.jpg,99 Ft,False
GAMER PC - Geforce GTX 1660 SUPER 6GB GDDR6 - i5 9400F - 450GB Kingston SSD + 1TB Toshiba HDD – 12 órája,https://hardverapro.hu/apro/gamer_pc_geforce_gtx_1660_super_6gb_gddr6_i5_9400f/hsz_1-50.html,https://cdn.rios.hu/dl/uad/2022-04/5549534/277968530_692184405430673_8536551940988893090_n.jpg,Ingyenes,False
"(ingyen elvihető) TP-LINK TL-WR741ND Vezeték nélküli router – 13 órája
 jegelve",https://hardverapro.hu/apro/ingyen_elviheto_tp-link_tl-wr741nd_vezetek_nelkuli/hsz_1-50.html,https://cdn.rios.hu/dl/uad/2022-10/5765730/tl-wr741nd_un_v1_274_large_5_00_20150811104042.jpg,Ingyenes,True
HIBÁS - Samsung m378a2k43cb1-ctd – 13 órája,https://hardverapro.hu/apro/hibas_samsung_m378a2k43cb1-ctd/hsz_1-50.html,https://cdn.rios.hu/dl/uad/2022-10/5772334/samsung_memory_wrong.jpg,100 Ft,False
"Pop, elektronikus, hip-hop, jazz, chill, funk, soul audio CD-k vegyesen – 14 órája",https://hardverapro.hu/apro/pop_elektronikus_hip-hop_jazz_chill_funk_soul_audi/hsz_1-50.html,https://cdn.rios.hu/dl/uad/2022-10/5762519/274157562_254887420173867_325789409062766310_n.jpg,100 Ft,False
Matrica bazár! HyperX / Seasonic / Apple / Ryzen 5 – 14 órája,https://hardverapro.hu/apro/matrica_bazar_msi_hyperx_seasonic_intel_i3_pentium/hsz_1-50.html,https://cdn.rios.hu/dl/uad/2022-10/5746959/img-3592.jpg,100 Ft,False
"Samsung LTN154X9-L02 15,4"" CCFL 30pin WXGA 1280 x 800 panel + inverter + Toshiba szalagkábel – 14 órája",https://hardverapro.hu/apro/samsung_ltn154x9-l02_15_4_ccfl_30pin_wxga_1280_x_8/hsz_1-50.html,https://cdn.rios.hu/dl/uad/2022-10/5763061/panel_ccfl_3.jpg,100 Ft,False
"Asus TUF Dash F15 Játékra,Munkára (I7-11370H,RTX 3060 8GB,16GB DDR4 3200Mhz,1TB NVMe SSD) – 14 órája",https://hardverapro.hu/apro/asus_tuf_dash_f15_i7-11370h_rtx_3060_16gb_1tb/hsz_1-50.html,https://cdn.rios.hu/dl/uad/2022-10/5771098/4f99c099-a68b-4c02-bca1-5e42ed7623ad.jpeg,100 Ft,False
- – 15 órája,https://hardverapro.hu/apro/intel_i5-7400_5/hsz_1-50.html,https://cdn.rios.hu/dl/uad/2022-10/5747796/dscn9099.JPG,100 Ft,False
- – 15 órája,https://hardverapro.hu/apro/intel_i7-4790_q8qn/hsz_1-50.html,https://cdn.rios.hu/dl/uad/2022-10/5747818/dscn9099.JPG,100 Ft,False
- – 15 órája,https://hardverapro.hu/apro/intel_e5-2695_v2_12_magos/hsz_1-50.html,https://cdn.rios.hu/dl/uad/2022-10/5749197/dscn9099.JPG,100 Ft,False
HP akkuk és billentyűzetek – 15 órája,https://hardverapro.hu/apro/hp_akkuk_es_billentyuzetek/hsz_1-50.html,https://cdn.rios.hu/dl/uad/2022-09/5738977/untitled.png,100 Ft,False
Minolta MT 103B és a nagy MT204B új tonerek együtt csere is lehet – 16 órája,https://hardverapro.hu/apro/minolta_mt_103b_es_a_nagy_mt204b_uj_tonerek_egyutt_nnap/hsz_1-50.html,https://cdn.rios.hu/dl/uad/2022-10/5751697/20201015_175427.jpg,100 Ft,False
Ingyen vihető kb 60db használt slim cd tok – 16 órája,https://hardverapro.hu/apro/ingyen_viheto_kb_60db_hasznalt_slim_cd_tok/hsz_1-50.html,https://cdn.rios.hu/dl/uad/2022-10/5745427/box21_1.jpg,Ingyenes,False
"Számítógép összszerelést, átépítést, javítást vállalok! – 16 órája",https://hardverapro.hu/apro/szamitogep_osszszerelest_atepitest_javitast_vallal/hsz_1-50.html,https://cdn.rios.hu/dl/uad/2022-09/5743970/hd-wallpaper-pc-8k-blue-drama-future-gaming-msi-rg.jpg,Ingyenes,False
PromNET - Webtárhely bérlés már 2000Ft-tól! – 16 órája,https://hardverapro.hu/apro/webtarhely_jo_aron/hsz_1-50.html,https://cdn.rios.hu/dl/uad/2022-05/5599691/0b8cd973-d0f6-4e1e-a1f7-5f38e5d45d6d.png,Ingyenes,False
INGYEN ELVIHETŐ alaplap CPU komplett gép hifi webcam vegyesen – 16 órája,https://hardverapro.hu/apro/alaplap_gephaz_komplett_gep_router_hifi_vegyesen/hsz_1-50.html,https://cdn.rios.hu/dl/uad/2022-05/5583479/img_20220331_154527.jpg,Ingyenes,False
PC házak csokira cserélhetőek! – 16 órája,https://hardverapro.hu/apro/pc_hazak_csokira_cserelhetoek/hsz_1-50.html,https://cdn.rios.hu/dl/uad/2022-08/5682516/20220811_171130.jpg,Ingyenes,False
3GB (2X1GB+2X512MB GEIL) – 17 órája,https://hardverapro.hu/apro/3gb_2x1gb_2x512mb_geil/hsz_1-50.html,https://cdn.rios.hu/dl/uad/2022-10/5771201/sha_20221020_142848955_8_4_400.jpg,100 Ft,False
AMD Athlon 64 X2 4200+ (gyári hűtővel) – 17 órája,https://hardverapro.hu/apro/amd_athlon_64_x2_4200_gyari_hutovel_2/hsz_1-50.html,https://cdn.rios.hu/dl/uad/2022-10/5771198/sha_20221020_144324723_8_4_400.jpg,100 Ft,False
PC/notebook bazár KIÁRUSÍTÁS up 09.23 – 17 órája,https://hardverapro.hu/apro/pc_notebook_bazar_kiarusitas_up_09_23_2/hsz_1-50.html,https://cdn.rios.hu/dl/uad/2022-10/5772018/pxl_20220721_053204666.jpg,99 Ft,False
HP 365W tápegység - Model: API4PC44 - Ingyen – 17 órája,https://hardverapro.hu/apro/hp_365w_tapegyseg_model_api4pc44_ingyen/hsz_1-50.html,https://cdn.rios.hu/dl/uad/2022-10/5756545/e826d24d-4621-4ed7-858f-9367b7ac2484.jpeg,Ingyenes,False
SteelSeries Xai doboz – 18 órája,https://hardverapro.hu/apro/steelseries_xai_doboz/hsz_1-50.html,https://cdn.rios.hu/dl/uad/2022-10/5771967/steelseries_xai_doboz1.jpg,Ingyenes,False
"INGYENESEN ELVIHETŐ 21 DARAB TOK - iPhone, Samsung, Huawei - EGYBEN – 19 órája",https://hardverapro.hu/apro/ingyenesen_elviheto_21_darab_tok_iphone_samsung_hu/hsz_1-50.html,https://cdn.rios.hu/dl/uad/2022-10/5754299/image2_1.jpeg,Ingyenes,False
Steam kulcsok olcsóbban – 19 órája,https://hardverapro.hu/apro/steam_kulcsok_olcson_7/hsz_1-50.html,https://cdn.rios.hu/dl/uad/2022-10/5752666/steam_logo_0.jpg,100 Ft,False
Fénymásolás / Nyomtatás / Laminálás – 20 órája,https://hardverapro.hu/apro/fenymasolas_nyomtatas_laminalas_7/hsz_1-50.html,https://cdn.rios.hu/dl/uad/2022-10/5764750/fenymasolas_plakat_uj_arak-page-0.jpg,100 Ft,False
"NUKI Smart Lock 3.0 - okoszár voucher, 30 euro kedvezmény – 21 órája",https://hardverapro.hu/apro/nuki_smart_lock_3_0_okoszar_voucher_30_euro_kedvez_6/hsz_1-50.html,https://cdn.rios.hu/dl/uad/2022-09/5740722/nuki-smart-lock-3-0-014463594-product_zoom.jpg,Ingyenes,False
Visual Pinball -Digitális Flipper Virtual Pinball – 22 órája,https://hardverapro.hu/apro/visual_pinball_digitalis_flipper_virtual_pinball_3/hsz_1-50.html,https://cdn.rios.hu/dl/uad/2022-09/5734343/spiderman_front_hd_extrakkal.jpg,100 Ft,False
"PS4 játékok,konzol,kontroller. csere érdekel PS5-re – 1 napja
 jegelve",https://hardverapro.hu/apro/ps4_jatekok_konzol_kontroller_csere_erdekel_ps5-re/hsz_1-50.html,https://cdn.rios.hu/dl/uad/2022-10/5771706/312491625_3084420988466395_2307110068490751957_n.jpg,Ingyenes,True
"CW-29Z418P 29""/72 centis síkképernyős 100Hz CRT tévé ingyen elvihető – 1 napja",https://hardverapro.hu/apro/cw-29z418p_29_72_centis_sikkepernyos_100hz_crt_tev/hsz_1-50.html,https://cdn.rios.hu/dl/uad/2022-09/5740053/samsung_cw-29z418p_72_cm_sikkepcsoves_100hz_tv.jpg,Ingyenes,False
"Papírhulladék, kartondoboz ingyen elvihető – 1 napja",https://hardverapro.hu/apro/papirhulladek_kartondoboz_ingyen_elviheto/hsz_1-50.html,https://cdn.rios.hu/dl/uad/2022-10/5771556/d8a89c60-0eff-4603-8db7-59b296134add.jpeg,Ingyenes,False
"Harry Potter matricak – 1 napja
 jegelve",https://hardverapro.hu/apro/harry_potter_matricak/hsz_1-50.html,https://cdn.rios.hu/dl/uad/2022-10/5764208/e61ec119-ae52-4fe2-8c51-ca674e0b2ed5.jpeg,Ingyenes,True
Több mint 18 éve működő konzol szaküzlet és szerviz – 2 napja,https://hardverapro.hu/apro/tobb_mint_18_eve_mukodo_konzol_szakuzlet_es_szervi_3/hsz_1-50.html,https://cdn.rios.hu/dl/uad/2022-10/5748247/1_nagyitott.jpg,Ingyenes,False
"Programozással, számítástechnikával kapcsolatos könyvek (80-800 Ft) – 2 napja",https://hardverapro.hu/apro/programozassal_szamitastechnikaval_kapcsolatos_kon/hsz_1-50.html,https://cdn.rios.hu/dl/uad/2022-10/5748481/290124387_3195277800696923_4479922241842015168_n.jpg,80 Ft,False
Még továbbra is elérhetőek – 2 napja,https://hardverapro.hu/apro/pc_laptop_alkatresz_megmaradt_lomok_eladoak/hsz_1-50.html,https://cdn.rios.hu/dl/uad/2022-09/5734027/20220831_173047.jpg,100 Ft,False
Ingyen elvihető bútorok – 2 napja,https://hardverapro.hu/apro/ingyen_elviheto_butorok_7/hsz_1-50.html,https://cdn.rios.hu/dl/uad/2022-09/5734448/308116457_352468877025150_417334909371739135_n.jpg,Ingyenes,False
Régi hardverek cseréje – 2 napja,https://hardverapro.hu/apro/regi_hardverek_csereje_5/hsz_1-50.html,https://cdn.rios.hu/dl/uad/2022-10/5769392/img_20220224_010510114.jpg,100 Ft,False
"Régi informatikai könyvek – 2 napja
 jegelve",https://hardverapro.hu/apro/regi_informatikai_konyvek/hsz_1-50.html,https://cdn.rios.hu/dl/uad/2022-10/5770438/img_20221020_085145.jpg,Ingyenes,True
Huawei 10g-1310nm-10km-sm-sfp+ modul – 2 napja,https://hardverapro.hu/apro/huawei_10g-1310nm-10km-sm-sfp_modul_3/hsz_1-50.html,https://cdn.rios.hu/dl/uad/2022-10/5770412/img_3845.JPG,100 Ft,False
HardverApró Ingyenes hirdetés kereső – 2 napja,https://hardverapro.hu/apro/hardverapro_ingyenes_hirdetes_kereso/hsz_1-50.html,https://cdn.rios.hu/dl/uad/2022-10/5768597/8d6bfc51-c59b-4e48-ab1c-3ffb2bb576a5.png,Ingyenes,False
"Steam PC játék kulcsok 3. Utalás, PayPal – 2 napja",https://hardverapro.hu/apro/steam_pc_jatek_kulcsok_3_utalas_paypal_3/hsz_1-50.html,https://cdn.rios.hu/dl/uad/2022-10/5763339/2630578.png,100 Ft,False
"Steam PC játék kulcsok 2. Utalás, PayPal – 2 napja",https://hardverapro.hu/apro/steam_pc_jatek_kulcsok_2_utalas_paypal_5/hsz_1-50.html,https://cdn.rios.hu/dl/uad/2022-10/5763337/maxresdefault.jpg,100 Ft,False
"Steam PC játék kulcsok Utalás, PayPal – 2 napja",https://hardverapro.hu/apro/steam_pc_jatek_kulcsok_utalas_paypal_5/hsz_1-50.html,https://cdn.rios.hu/dl/uad/2022-10/5763335/4758924.jpg,100 Ft,False
"Hálózati kábelek szerelt, szereletlen - 75 Ft/m-től – 2 napja",https://hardverapro.hu/apro/halozati_kabelek_szerelt_szereletlen_75_ft_m-tol/hsz_1-50.html,https://cdn.rios.hu/dl/uad/2022-10/5765871/img_20220703_202710_compress53.jpg,75 Ft,False
"Deer 300W ATX tápegység – 2 napja
 jegelve",https://hardverapro.hu/apro/deer_300w_atx_tapegyseg/hsz_1-50.html,https://cdn.rios.hu/dl/uad/2022-10/5770125/img_0366.jpg,Ingyenes,True
"Codegen 400W ATX tápegység – 2 napja
 jegelve",https://hardverapro.hu/apro/codegen_400w_atx_tapegyseg_7/hsz_1-50.html,https://cdn.rios.hu/dl/uad/2022-10/5770119/img_0363.jpg,Ingyenes,True
Controller javítás és Konzol takarítás Garanciával! Részletek a leírásban! – 2 napja,https://hardverapro.hu/apro/controller_javitas_es_konzol_takaritas_garanciaval_6/hsz_1-50.html,https://cdn.rios.hu/dl/uad/2022-10/5751470/javitas.jpeg,100 Ft,False
"Tondach Polka tetőcserép 480db – 3 napja
 jegelve",https://hardverapro.hu/apro/tondach_polka_tetocserep_480db/hsz_1-50.html,https://cdn.rios.hu/dl/uad/2022-10/5769625/308632885_629689402055537_1799649442137798268_n.jpg,Ingyenes,True
Razer phone 2 – 3 napja,https://hardverapro.hu/apro/razer_phone_2_5/hsz_1-50.html,https://cdn.rios.hu/dl/uad/2022-10/5756791/razer-phone-2-review-8.jpg,Ingyenes,False
iPhone 13 alaktrészek – 3 napja,https://hardverapro.hu/apro/iphone_13_alaktreszek/hsz_1-50.html,https://cdn.rios.hu/dl/uad/2022-10/5748273/img_5508.heic,100 Ft,False
DisplayPort DP DVI VGA USB kábel és átalakító bazár – 3 napja,https://hardverapro.hu/apro/displayport_dp_dvi_vga_usb_kabel_es_atalakito_baza_8/hsz_1-50.html,https://cdn.rios.hu/dl/uad/2022-10/5769395/img_20210617_100525983.jpg,100 Ft,False
"Telekomos domino kártyák 5 db 500,- Ft – 3 napja",https://hardverapro.hu/apro/telekomos_domino_kartyak_5_db_500_ft_2/hsz_1-50.html,https://cdn.rios.hu/dl/uad/2022-10/5754693/2e7d1b68-75b8-4011-9f7e-58591ca6ef56.jpeg,100 Ft,False
"Alaplapok S775, S478 – 3 napja",https://hardverapro.hu/apro/alaplapok_775_2/hsz_1-50.html,https://cdn.rios.hu/dl/uad/2022-09/5736670/imag0039.jpg,99 Ft,False
"Codegen 350W ATX tápegység – 3 napja
 jegelve",https://hardverapro.hu/apro/codegen_350w_atx_tapegyseg/hsz_1-50.html,https://cdn.rios.hu/dl/uad/2022-10/5761799/img_0359.jpg,Ingyenes,True
GTX1080 cserélném RTX2060-RTX2070-re!!! – 3 napja,https://hardverapro.hu/apro/gtx1080_cserelnem_rtx2060-rtx2070-re/hsz_1-50.html,https://cdn.rios.hu/dl/uad/2022-10/5768235/gtx_1080.webp,Ingyenes,False
SFP GBIC hálózati modulok – 3 napja,https://hardverapro.hu/apro/sfp_gbic_halozati_modulok_4/hsz_1-50.html,https://cdn.rios.hu/dl/uad/2022-09/5738274/sfp_1.jpg,100 Ft,False
"Laptop bontás - ASUS, DELL, Fujitsu Siemens, HP, Lenovo, Toshiba, Pacard Bell, Samsung – 3 napja",https://hardverapro.hu/apro/laptop_bontas_asus_dell_fujitsu_siemens_hp_lenovo_3/hsz_1-50.html,https://cdn.rios.hu/dl/uad/2022-10/5768505/wp3235119-computer-repair-wallpaper-for-desktop.jpg,Ingyenes,False
MSI Coreliquid 240R hibás – 3 napja,https://hardverapro.hu/apro/msi_coreliquid_240r_hibas/hsz_1-50.html,https://cdn.rios.hu/dl/uad/2022-10/5768477/309113777_1434369827089070_7194593393616436573_n.jpg,Ingyenes,False
Lenovo Legion Y540 alkatrésznek – 4 napja,https://hardverapro.hu/apro/lenovo_legion_y540_alkatresznek/hsz_1-50.html,https://cdn.rios.hu/dl/uad/2022-09/5743334/1664459117191.jpg,Ingyenes,False
Ryzen 5950 ra csererélnék – 4 napja,https://hardverapro.hu/apro/ryzen_5950_csererelnek/hsz_1-50.html,https://cdn.rios.hu/dl/uad/2022-10/5768201/3900.jpg,100 Ft,False
ÚJ Garanciás Laptop(ok) kedvezménnyel! – 4 napja,https://hardverapro.hu/apro/uj_garancias_laptop_ok_kedvezmennyel/hsz_1-50.html,https://cdn.rios.hu/dl/uad/2022-10/5762214/46e16e0e-1e40-448c-8f62-ff85ea88626a.jpeg,Ingyenes,False
Új garanciás telefon(ok) kedvezménnyel! – 4 napja,https://hardverapro.hu/apro/uj_garancias_telefon_ok_kedvezmennyel/hsz_1-50.html,https://cdn.rios.hu/dl/uad/2022-10/5762224/6d24f70b-9e70-4b96-8784-c147ccafc052.png,Ingyenes,False
Új garanciás videókártyák kedvezménnyel! – 4 napja,https://hardverapro.hu/apro/uj_garancias_videokartyak_kedvezmennyel/hsz_1-50.html,https://cdn.rios.hu/dl/uad/2022-10/5762230/b4c33d0d-bc1a-455e-bc8d-d45584a0d943.webp,Ingyenes,False
"Hibás telefonok,tabletek – 4 napja",https://hardverapro.hu/apro/hibas_telefonok_tabletek/hsz_1-50.html,https://cdn.rios.hu/dl/uad/2022-09/5738303/20220925_164309.jpg,99 Ft,False
"Strix B250F Gaming / Asus TUF 1660S / G4400 / 8GB / 120GB SSD :: Értékelésre vár – 4 napja
 jegelve",https://hardverapro.hu/apro/strix_b250f_gaming_g4400_2x4gb_asus_tuf_1660s_120g/hsz_1-50.html,https://cdn.rios.hu/dl/uad/2022-10/5759150/gep1.jpg,100 Ft,True
"(ingyen elvihető) Full HD menetrögzítő kamera (Blackbox DVR) – 4 napja
 jegelve",https://hardverapro.hu/apro/ingyen_elviheto_full_hd_menetrogzito_kamera_blackb/hsz_1-50.html,https://cdn.rios.hu/dl/uad/2022-10/5765746/61-lztigt7l_ac_sl1500.jpg,Ingyenes,True
"Oral-B Genius X fogkefe tok – 5 napja
 jegelve",https://hardverapro.hu/apro/oral-b_genius_x_fogkefe_tok/hsz_1-50.html,https://cdn.rios.hu/dl/uad/2022-10/5766177/oral-b-genius-x-feher-sensi-fejjel-premium-elektro.png,Ingyenes,True
Garázsvásár !!! Budapesten minden akciós! – 5 napja,https://hardverapro.hu/apro/garazsvasar_g15g/hsz_1-50.html,https://cdn.rios.hu/dl/uad/2022-10/5761158/1664782354493.jpg,100 Ft,False
"Steam, Uplay, Microsoft, Origin, Epic, Gog játékkulcsok + ingyen játékok és játékbeli tartalmak – 5 napja",https://hardverapro.hu/apro/steam_uplay_microsoft_origin_epic_gog_jatekkulcsok_3/hsz_1-50.html,https://cdn.rios.hu/dl/uad/2022-09/5737329/random-steam-cd-key.jpg,51 Ft,False
"5"" mini LCD TV, magyar menüvel. Akár autóba is rögzíthető - csere nem érdekel – 5 napja",https://hardverapro.hu/apro/5_mini_lcd_tv_magyar_menuvel_akar_autoba_is_rogzit/hsz_1-50.html,https://cdn.rios.hu/dl/uad/2022-09/5745025/20220928_092503.jpg,100 Ft,False
DVD-RW lemez 2 db ingyen elvihető – 5 napja,https://hardverapro.hu/apro/dvd-rw_lemez_2_db_ingyen_elviheto/hsz_1-50.html,https://cdn.rios.hu/dl/uad/2022-10/5765749/tdk-dvd-rw-47gb-4x-327027.jpg,Ingyenes,False
iPhone 8 alkatrészek – 5 napja,https://hardverapro.hu/apro/iphone_8_alkatreszek_4/hsz_1-50.html,https://cdn.rios.hu/dl/uad/2022-10/5745816/207f942d-cccb-4e7a-9343-f7aa495749d3.jpeg,100 Ft,False
Kábelbazár – 6 napja,https://hardverapro.hu/apro/kabelbazar_7/hsz_1-50.html,https://cdn.rios.hu/dl/uad/2022-10/5747421/20221002_132216799_ios.heic,100 Ft,False
Ratchet and Clank PS4 játék. – 1 hete,https://hardverapro.hu/apro/ratchet_and_clank_ps4_jatek_2/hsz_1-50.html,https://cdn.rios.hu/dl/uad/2022-09/5739446/img_20220926_183742.jpg,100 Ft,False
Hp825c és Hp7260 vihető! – 1 hete,https://hardverapro.hu/apro/hp825c_es_hp7260_viheto/hsz_1-50.html,https://cdn.rios.hu/dl/uad/2022-10/5759990/092739.jpg,Ingyenes,False
Xbox 360 – 1 hete,https://hardverapro.hu/apro/xbox_360_jjue/hsz_1-50.html,https://cdn.rios.hu/dl/uad/2022-10/5758951/img_20221011_180409.jpg,100 Ft,False
"Huawei P20 Pro tokok, fóliák – 1 hete",https://hardverapro.hu/apro/huawei_p20_pro_tokok_foliak_7/hsz_1-50.html,https://cdn.rios.hu/dl/uad/2022-10/5759185/img_20220316_110448.jpg,99 Ft,False
Óraszíjak és védőtok – 1 hete,https://hardverapro.hu/apro/oraszijak_es_vedotok_2/hsz_1-50.html,https://cdn.rios.hu/dl/uad/2022-10/5759153/accuweather_framed-5bfaedb646e0fb00262749f1.jpg,99 Ft,False
Szekrényrámolás – 1 hete,https://hardverapro.hu/apro/szekrenyramolas_8/hsz_1-50.html,https://cdn.rios.hu/dl/uad/2022-10/5759133/messy-house-cartoon-rron13l.webp,99 Ft,False
ingyen elvihető – 1 hete,https://hardverapro.hu/apro/ingyen_elviheto_3/hsz_1-50.html,https://cdn.rios.hu/dl/uad/2022-10/5759030/img_20220926_172122.jpg,Ingyenes,False
Digitus Cat6 UTP minőségi hálózati káble network cable hálókábel 100Ft/m méterre is! – 2 hete,https://hardverapro.hu/apro/digitus_cat6_utp_minosegi_halozati_kable_network_c/hsz_1-50.html,https://cdn.rios.hu/dl/uad/2022-10/5757864/cat.jpg,100 Ft,False
Epson Stylus CX3200 hibás alkatrésznek – 2 hete,https://hardverapro.hu/apro/epson_stylus_cx3200_hibas_alkatresznek/hsz_1-50.html,https://cdn.rios.hu/dl/uad/2022-10/5752568/20221006_155302054_ios.jpg,Ingyenes,False
"Intel Core i3-3110M – 2 hete
 jegelve",https://hardverapro.hu/apro/intel_core_i3-3110m_9/hsz_1-50.html,https://cdn.rios.hu/dl/uad/2022-10/5747361/1.jpg,Ingyenes,True
"Laptop HDD – 2 hete
 jegelve",https://hardverapro.hu/apro/laptop_hdd_bb3j/hsz_1-50.html,https://cdn.rios.hu/dl/uad/2022-09/5743052/6206948d-9b53-4ad7-8952-4d4bd739c0fd.jpeg,100 Ft,True
Számítógép szerelés – 2 hete,https://hardverapro.hu/apro/szamitogep_szereles_5/hsz_1-50.html,https://cdn.rios.hu/dl/uad/2022-10/5751524/received_780299496582810.jpeg,Ingyenes,False
D-Link DKVM-8e KVM SWITCH (Videó-egér-billentyűzet elosztó) – 2 hete,https://hardverapro.hu/apro/d-link_dkvm-8e_kvm_switch_video-eger-billentyuzet/hsz_1-50.html,https://cdn.rios.hu/dl/uad/2022-10/5750738/20220823_110438.jpg,65 Ft,False
Új HP Lenovo Compaq Elitebook Probook top cover palmrest Base enclosure műanyag LCD ház alkatrész – 2 hete,https://hardverapro.hu/apro/uj_hp_lenovo_compaq_elitebook_probook_top_cover_pa/hsz_1-50.html,https://cdn.rios.hu/dl/uad/2022-10/5750260/cover_1.JPG,100 Ft,False
Lexmark Laser nyomató – 3 hete,https://hardverapro.hu/apro/lexmark_laser_nyomato/hsz_1-50.html,https://cdn.rios.hu/dl/uad/2022-09/5742779/lexmark_t630_lazer.jpg,Ingyenes,False
Mobil telefon alkatrészek - INGYEN – 3 hete,https://hardverapro.hu/apro/mobil_telefon_alkatreszek_ingyen_2/hsz_1-50.html,https://cdn.rios.hu/dl/uad/2022-10/5749749/img_20221002_092051.jpg,Ingyenes,False
Tablet alkatrészek - INGYEN – 3 hete,https://hardverapro.hu/apro/tablet_alkatreszek_ingyen_2/hsz_1-50.html,https://cdn.rios.hu/dl/uad/2022-10/5749746/img_20221002_092407.jpg,Ingyenes,False
Tablet alkatrészek - INGYEN – 3 hete,https://hardverapro.hu/apro/tablet_alkatreszek_ingyen/hsz_1-50.html,https://cdn.rios.hu/dl/uad/2022-10/5749742/img_20221002_092153.jpg,Ingyenes,False
Mobil telefon alkatrészek - INGYEN – 3 hete,https://hardverapro.hu/apro/mobil_telefon_alkatreszek_ingyen/hsz_1-50.html,https://cdn.rios.hu/dl/uad/2022-10/5749735/img_20221002_091909.jpg,Ingyenes,False
AM2 processzorok – 3 hete,https://hardverapro.hu/apro/am2_processzorok_2/hsz_1-50.html,https://cdn.rios.hu/dl/uad/2022-10/5748284/sdh1150iaa3de.jpg,100 Ft,False
"160 GB Seagate 3,5"" SATA HDD – 3 hete",https://hardverapro.hu/apro/320_gb_seagate_3_5_sata_hdd/hsz_1-50.html,https://cdn.rios.hu/dl/uad/2022-10/5746834/seagate_160gb_disk_ok2.png,Ingyenes,False
Laptop alkatrészek – 3 hete,https://hardverapro.hu/apro/dell_inspiron_6400_vvgc/hsz_1-50.html,https://cdn.rios.hu/dl/uad/2022-10/5745447/img_20221001_101433.jpg,100 Ft,False
Xiaomi Redmi 5 Plus Akkumlátor - BN44 - 4000mAh – 3 hete,https://hardverapro.hu/apro/xiaomi_redmi_5_plus_akkumlator_bn44_4000mah/hsz_1-50.html,https://cdn.rios.hu/dl/uad/2022-10/5745269/2f9a6ebb979521e1640df09e0c346682c252fead_jpg_500x0.jpg,Ingyenes,False
Coolermaster LGA 775 processzor hűtő – 3 hete,https://hardverapro.hu/apro/coolermaster_lga_775_processzor_huto/hsz_1-50.html,https://cdn.rios.hu/dl/uad/2022-09/5743522/cooler_master_intel_lga775_huto_di5_9hdsl_0l_gp-2.jpeg,Ingyenes,False
Philips 65pus8505 – 4 hete,https://hardverapro.hu/apro/philips_65pus8505/hsz_1-50.html,https://cdn.rios.hu/dl/uad/2022-09/5739995/1607374986_899.jpg,100 Ft,False
"Xbox One és One S kontroller! – 4 hete
 jegelve",https://hardverapro.hu/apro/xbox_one_es_one_s_kontroller/hsz_1-50.html,https://cdn.rios.hu/dl/uad/2022-09/5738753/d8eaeaa3-4445-41a9-99e3-7b8a6139b708.jpeg,Ingyenes,True
"Képek, játékok, apróságok ingyen – 4 hete",https://hardverapro.hu/apro/kepek_jatekok_aprosagok_ingyen/hsz_1-50.html,https://cdn.rios.hu/dl/uad/2022-09/5738191/dsc_8938.jpg,Ingyenes,False
Bútorok - ingyen elvihetők – 4 hete,https://hardverapro.hu/apro/butorok_ingyen_elvihetok/hsz_1-50.html,https://cdn.rios.hu/dl/uad/2022-09/5738174/dsc_8941.jpg,Ingyenes,False
J510 uvegfolia – 4 hete,https://hardverapro.hu/apro/j510_uvegfolia/hsz_1-50.html,https://cdn.rios.hu/dl/uad/2022-09/5737453/16641013996466076637454423377842.jpg,Ingyenes,False
"Logitech G29 kormány + pedál - eladva, értékelésre vár – 4 hete
 jegelve",https://hardverapro.hu/apro/logitech_g29_hibatlan_dobozaval/hsz_1-50.html,https://cdn.rios.hu/dl/uad/2022-09/5736477/img_20220925_104342.jpg,100 Ft,True
